kind,column,gap_end,duration
nan-run,T_proc_in,2026-06-16 12:36:00+02:00,6 days 01:18:00
nan-run,T_proc_in,2026-06-17 22:22:00+02:00,0 days 05:14:00
nan-run,T_proc_in,2026-06-18 17:56:00+02:00,0 days 08:16:00
nan-run,T_proc_in,2026-06-22 13:56:00+02:00,0 days 02:26:00
nan-run,T_proc_in,2026-07-01 19:14:00+02:00,2 days 00:42:00
nan-run,T_proc_in,2026-07-13 13:40:00+02:00,10 days 22:24:00
nan-run,T_proc_in,2026-07-15 11:58:00+02:00,0 days 00:46:00
nan-run,T_reg_nach_HX,2026-06-18 16:50:00+02:00,0 days 23:46:00
nan-run,T_reg_nach_HX,2026-06-22 15:36:00+02:00,0 days 01:52:00
nan-run,T_reg_nach_HX,2026-06-23 10:04:00+02:00,0 days 01:34:00
nan-run,T_reg_nach_HX,2026-07-01 18:56:00+02:00,0 days 01:14:00
nan-run,V_dot_III,2026-06-15 14:24:00+02:00,5 days 03:06:00
nan-run,V_dot_III,2026-06-15 18:40:00+02:00,0 days 03:58:00
nan-run,V_dot_III,2026-06-15 18:52:00+02:00,0 days 00:08:00
nan-run,V_dot_III,2026-06-15 19:04:00+02:00,0 days 00:06:00
nan-run,V_dot_III,2026-06-15 19:16:00+02:00,0 days 00:06:00
nan-run,V_dot_III,2026-06-15 20:46:00+02:00,0 days 00:06:00
nan-run,V_dot_III,2026-06-15 21:00:00+02:00,0 days 00:08:00
nan-run,V_dot_III,2026-06-15 21:18:00+02:00,0 days 00:14:00
nan-run,V_dot_III,2026-06-15 21:50:00+02:00,0 days 00:28:00
nan-run,V_dot_III,2026-06-15 22:18:00+02:00,0 days 00:24:00
nan-run,V_dot_III,2026-06-15 22:36:00+02:00,0 days 00:14:00
nan-run,V_dot_III,2026-06-15 22:52:00+02:00,0 days 00:12:00
nan-run,V_dot_III,2026-06-15 23:06:00+02:00,0 days 00:10:00
nan-run,V_dot_III,2026-06-15 23:18:00+02:00,0 days 00:08:00
nan-run,V_dot_III,2026-06-15 23:30:00+02:00,0 days 00:06:00
nan-run,V_dot_III,2026-06-15 23:42:00+02:00,0 days 00:06:00
nan-run,V_dot_III,2026-06-16 00:28:00+02:00,0 days 00:06:00
nan-run,V_dot_III,2026-06-16 00:40:00+02:00,0 days 00:06:00
nan-run,V_dot_III,2026-06-16 00:52:00+02:00,0 days 00:06:00
nan-run,V_dot_III,2026-06-16 01:04:00+02:00,0 days 00:06:00
nan-run,V_dot_III,2026-06-16 01:16:00+02:00,0 days 00:08:00
nan-run,V_dot_III,2026-06-16 01:30:00+02:00,0 days 00:08:00
nan-run,V_dot_III,2026-06-16 01:46:00+02:00,0 days 00:10:00
nan-run,V_dot_III,2026-06-16 02:04:00+02:00,0 days 00:14:00
nan-run,V_dot_III,2026-06-16 02:26:00+02:00,0 days 00:18:00
nan-run,V_dot_III,2026-06-16 02:48:00+02:00,0 days 00:18:00
nan-run,V_dot_III,2026-06-16 03:10:00+02:00,0 days 00:18:00
nan-run,V_dot_III,2026-06-16 03:28:00+02:00,0 days 00:14:00
nan-run,V_dot_III,2026-06-16 03:44:00+02:00,0 days 00:12:00
nan-run,V_dot_III,2026-06-16 03:58:00+02:00,0 days 00:10:00
nan-run,V_dot_III,2026-06-16 04:12:00+02:00,0 days 00:10:00
nan-run,V_dot_III,2026-06-16 04:24:00+02:00,0 days 00:08:00
nan-run,V_dot_III,2026-06-16 04:36:00+02:00,0 days 00:08:00
nan-run,V_dot_III,2026-06-16 04:48:00+02:00,0 days 00:08:00
nan-run,V_dot_III,2026-06-16 05:00:00+02:00,0 days 00:08:00
nan-run,V_dot_III,2026-06-16 05:12:00+02:00,0 days 00:08:00
nan-run,V_dot_III,2026-06-16 05:24:00+02:00,0 days 00:08:00
nan-run,V_dot_III,2026-06-16 05:36:00+02:00,0 days 00:06:00
nan-run,V_dot_III,2026-06-16 05:50:00+02:00,0 days 00:08:00
nan-run,V_dot_III,2026-06-16 06:02:00+02:00,0 days 00:08:00
nan-run,V_dot_III,2026-06-16 06:16:00+02:00,0 days 00:08:00
nan-run,V_dot_III,2026-06-16 06:30:00+02:00,0 days 00:10:00
nan-run,V_dot_III,2026-06-16 06:44:00+02:00,0 days 00:10:00
nan-run,V_dot_III,2026-06-16 07:00:00+02:00,0 days 00:10:00
nan-run,V_dot_III,2026-06-16 07:14:00+02:00,0 days 00:10:00
nan-run,V_dot_III,2026-06-16 07:28:00+02:00,0 days 00:10:00
nan-run,V_dot_III,2026-06-16 07:42:00+02:00,0 days 00:08:00
nan-run,V_dot_III,2026-06-16 07:56:00+02:00,0 days 00:08:00
nan-run,V_dot_III,2026-06-16 08:08:00+02:00,0 days 00:06:00
nan-run,V_dot_III,2026-06-16 08:20:00+02:00,0 days 00:06:00
nan-run,V_dot_III,2026-06-16 08:58:00+02:00,0 days 00:06:00
nan-run,V_dot_III,2026-06-16 12:36:00+02:00,0 days 00:30:00
nan-run,V_dot_III,2026-06-16 14:04:00+02:00,0 days 00:06:00
nan-run,V_dot_III,2026-06-16 14:20:00+02:00,0 days 00:06:00
nan-run,V_dot_III,2026-06-16 18:26:00+02:00,0 days 00:08:00
nan-run,V_dot_III,2026-06-16 18:46:00+02:00,0 days 00:14:00
nan-run,V_dot_III,2026-06-16 19:10:00+02:00,0 days 00:20:00
nan-run,V_dot_III,2026-06-16 19:26:00+02:00,0 days 00:12:00
nan-run,V_dot_III,2026-06-16 19:40:00+02:00,0 days 00:08:00
nan-run,V_dot_III,2026-06-16 19:52:00+02:00,0 days 00:06:00
nan-run,V_dot_III,2026-06-17 02:28:00+02:00,0 days 00:06:00
nan-run,V_dot_III,2026-06-17 02:42:00+02:00,0 days 00:08:00
nan-run,V_dot_III,2026-06-17 02:54:00+02:00,0 days 00:06:00
nan-run,V_dot_III,2026-06-17 03:06:00+02:00,0 days 00:06:00
nan-run,V_dot_III,2026-06-17 03:32:00+02:00,0 days 00:06:00
nan-run,V_dot_III,2026-06-17 12:50:00+02:00,0 days 00:08:00
nan-run,V_dot_III,2026-06-17 13:04:00+02:00,0 days 00:06:00
nan-run,V_dot_III,2026-06-17 13:18:00+02:00,0 days 00:06:00
nan-run,V_dot_III,2026-06-17 22:22:00+02:00,0 days 05:14:00
nan-run,V_dot_III,2026-06-17 23:26:00+02:00,0 days 00:10:00
nan-run,V_dot_III,2026-06-17 23:40:00+02:00,0 days 00:10:00
nan-run,V_dot_III,2026-06-17 23:52:00+02:00,0 days 00:08:00
nan-run,V_dot_III,2026-06-18 17:56:00+02:00,0 days 08:16:00
nan-run,V_dot_III,2026-06-18 19:48:00+02:00,0 days 00:10:00
nan-run,V_dot_III,2026-06-18 20:18:00+02:00,0 days 00:26:00
nan-run,V_dot_III,2026-06-18 20:32:00+02:00,0 days 00:12:00
nan-run,V_dot_III,2026-06-18 20:44:00+02:00,0 days 00:08:00
nan-run,V_dot_III,2026-06-18 23:32:00+02:00,0 days 00:06:00
nan-run,V_dot_III,2026-06-18 23:44:00+02:00,0 days 00:08:00
nan-run,V_dot_III,2026-06-18 23:54:00+02:00,0 days 00:06:00
nan-run,V_dot_III,2026-06-19 00:04:00+02:00,0 days 00:06:00
nan-run,V_dot_III,2026-06-19 00:14:00+02:00,0 days 00:06:00
nan-run,V_dot_III,2026-06-20 19:08:00+02:00,0 days 00:06:00
nan-run,V_dot_III,2026-06-20 19:22:00+02:00,0 days 00:08:00
nan-run,V_dot_III,2026-06-20 19:36:00+02:00,0 days 00:10:00
nan-run,V_dot_III,2026-06-20 19:46:00+02:00,0 days 00:06:00
nan-run,V_dot_III,2026-06-20 19:58:00+02:00,0 days 00:06:00
nan-run,V_dot_III,2026-06-21 20:36:00+02:00,0 days 00:06:00
nan-run,V_dot_III,2026-06-21 20:46:00+02:00,0 days 00:06:00
nan-run,V_dot_III,2026-06-21 20:56:00+02:00,0 days 00:06:00
nan-run,V_dot_III,2026-06-22 13:56:00+02:00,0 days 02:26:00
nan-run,V_dot_III,2026-06-23 18:16:00+02:00,0 days 00:06:00
nan-run,V_dot_III,2026-06-23 18:26:00+02:00,0 days 00:06:00
nan-run,V_dot_III,2026-06-23 18:38:00+02:00,0 days 00:08:00
nan-run,V_dot_III,2026-06-23 18:50:00+02:00,0 days 00:08:00
nan-run,V_dot_III,2026-06-23 19:00:00+02:00,0 days 00:06:00
nan-run,V_dot_III,2026-06-23 19:10:00+02:00,0 days 00:06:00
nan-run,V_dot_III,2026-06-24 17:48:00+02:00,0 days 00:06:00
nan-run,V_dot_III,2026-06-25 18:06:00+02:00,0 days 00:06:00
nan-run,V_dot_III,2026-06-28 16:26:00+02:00,0 days 00:08:00
nan-run,V_dot_III,2026-06-28 16:38:00+02:00,0 days 00:08:00
nan-run,V_dot_III,2026-06-28 16:50:00+02:00,0 days 00:10:00
nan-run,V_dot_III,2026-06-28 17:02:00+02:00,0 days 00:08:00
nan-run,V_dot_III,2026-06-28 17:12:00+02:00,0 days 00:06:00
nan-run,V_dot_III,2026-06-28 20:06:00+02:00,0 days 00:06:00
nan-run,V_dot_III,2026-06-28 20:16:00+02:00,0 days 00:06:00
nan-run,V_dot_III,2026-06-28 20:28:00+02:00,0 days 00:08:00
nan-run,V_dot_III,2026-06-28 20:40:00+02:00,0 days 00:08:00
nan-run,V_dot_III,2026-06-28 20:52:00+02:00,0 days 00:08:00
nan-run,V_dot_III,2026-06-28 21:02:00+02:00,0 days 00:06:00
nan-run,V_dot_III,2026-06-28 21:12:00+02:00,0 days 00:06:00
nan-run,V_dot_III,2026-06-28 21:22:00+02:00,0 days 00:06:00
nan-run,V_dot_III,2026-06-29 00:58:00+02:00,0 days 00:06:00
nan-run,V_dot_III,2026-06-29 04:40:00+02:00,0 days 00:06:00
nan-run,V_dot_III,2026-06-29 04:50:00+02:00,0 days 00:06:00
nan-run,V_dot_III,2026-06-29 08:28:00+02:00,0 days 00:08:00
nan-run,V_dot_III,2026-06-29 08:40:00+02:00,0 days 00:10:00
nan-run,V_dot_III,2026-06-29 08:50:00+02:00,0 days 00:06:00
nan-run,V_dot_III,2026-06-29 09:00:00+02:00,0 days 00:06:00
nan-run,V_dot_III,2026-06-29 18:02:00+02:00,0 days 01:00:00
nan-run,V_dot_III,2026-06-29 18:12:00+02:00,0 days 00:08:00
nan-run,V_dot_III,2026-07-01 19:20:00+02:00,2 days 00:48:00
nan-run,V_dot_III,2026-07-02 06:14:00+02:00,0 days 08:02:00
nan-run,V_dot_III,2026-07-13 17:18:00+02:00,11 days 08:00:00
nan-run,V_dot_III,2026-07-13 19:28:00+02:00,0 days 00:08:00
nan-run,V_dot_III,2026-07-14 01:06:00+02:00,0 days 05:36:00
nan-run,V_dot_III,2026-07-14 03:26:00+02:00,0 days 00:06:00
nan-run,V_dot_III,2026-07-14 10:06:00+02:00,0 days 06:36:00
nan-run,V_dot_III,2026-07-14 16:30:00+02:00,0 days 03:48:00
nan-run,V_dot_III,2026-07-15 01:06:00+02:00,0 days 06:00:00
nan-run,V_dot_III,2026-07-15 03:20:00+02:00,0 days 00:08:00
nan-run,V_dot_III,2026-07-15 10:42:00+02:00,0 days 07:20:00
nan-run,V_dot_III,2026-07-15 11:58:00+02:00,0 days 00:46:00
